{
   "intents":[
      {
         "tag":"greeting",
         "patterns":[
            "Hi there",
            "How are you",
            "Is anyone there?",
            "Hey",
            "Hola",
            "Hello",
            "Good day"
         ],
         "responses":[
            "Hello, thanks for asking, Welcome to o9",
            "Welcome to o9",
            "Hi there, how can I help you in assisting in o9 tenant?"
         ],
         "context":[
            ""
         ]
      },
      {
          "tag":"Granularity",
          "patterns":[
             "What is Granularity?",
             "How do you define Granularity?",
             "Can you help me in understanding what's Granularity?",
              "Please explain granularity."
         ],
         "responses":[
            "Granularity refers to the level of aggregation/disaggregation of data on the basis of different parameters/attributes of forecast. "
             
         ],
         "context":[
            ""
         ]
      }, 
       
      {
          "tag":"Python",
          "patterns":[
             "What is python plugin",
             "Slice tables",
             "script Code",
              "Storage layer in LS",
              "Basic python",             
              "Slice dimension attribute"
         ],
         "responses":[
            "Please go through given link\n https://platformwiki.o9solutions.com/index.php/Category:Python_Plugin"
             
         ],
         "context":[
            ""
         ]
      },       
       
       
       
      {
          "tag":"The Granularity of the Measure group",
          "patterns":[
             "What is the Granularity of the DemandForecastMeasureGroup?",
             "Give the granularity of the DemandForecastMeasureGroup.",
             "Generate granularity of the DemandForecastMeasureGroup.",
              "the Granularity of the DemandForecasMeasureGroup"
         ],
         "responses":[
            "[Item][Location][CWV}"
         ],
         "context":[
            ""
         ]
      },       
       
      {
         "tag":"Applications",
         "patterns":[
            "where do we use DemandForecastMeasureGroup?",
            "explain the utility of DemandForecastMeasureGroup",
            "Application of DemandForecastMeasureGroup",
            "Usage of DemandForecastMeasureGroup",
            "Where is DemandForecastMeasureGroup utilised"
         ],
         "responses":[
            " Demand Model Plugin, Buy Setup Plugin, Vendor plugin"
            
         ],
         "context":[
            ""
         ]
      },
       {
           "tag":"Active Rules",
           "patterns":[
           "what are the different set of active rules to be applied on the AOT project?",
           "AOT project Active Rules",
           "List the set of Active Rules to be applied on the Tenant related to AOT project",
           "What are the AOT active rules to be applied?"
           ],
         "responses":[
            "01_MinimumDepth\n,02_Allocation_Rules\n,03_Forecast_Rules,\n04_COE_Rules,04_Net Allocation Rules,\n05_Inventory Aging"
             
            ],
         "context":[
             ""
             ]
},
        {
         "tag":"Plugin",
         "patterns":[
            "which plugin to use in the AOT project?",
            "The plugin to be used in the AOT project",
            "AOT Plugins",
            "The plugins to be used in AOT is/are",
            "List The AOT plugins"
         ],
         "responses":[
            "o9.SelectionCount(JavaScriptPluggin)\n, o9.subclassesCount(JavaScriptPluggin)\n"
             
            
         ],
         "context":[
            ""
         ]
      },
       
        {
         "tag":"Cluster",
         "patterns":[
            "Show Cluster Information",
            "cluster running info", 
            "applications cluster"
         ],
         "responses":[
           "[[gcitr00007hdp006.trng.ctcfar.o9solutions.com:45454, usedMemoryMB:697344, availMemoryMB: 196608]]\n  [[gcitr00007hdp005.trng.ctcfar.o9solutions.com:45454  ,  usedMemoryMB  :475136,  availMemoryMB  :418816]]\n  [[gcitr00007hdp007.trng.ctcfar.o9solutions.com:45454  ,  usedMemoryMB  :706560,  availMemoryMB  :187392]]\n [[gcitr00007hdp008.trng.ctcfar.o9solutions.com:45454  ,  usedMemoryMB  :706560,  availMemoryMB  :187392]]\n [[gcitr00007hdp003.trng.ctcfar.o9solutions.com:45454  ,  usedMemoryMB  :717824,  availMemoryMB  :176128]]\n  [[gcitr00007hdp001.trng.ctcfar.o9solutions.com:45454  ,  usedMemoryMB  :706560,  availMemoryMB  :187392]]\n   [[gcitr00007hdp004.trng.ctcfar.o9solutions.com:45454  ,  usedMemoryMB  :475136,  availMemoryMB  :418816]]\n  [[gcitr00007hdp009.trng.ctcfar.o9solutions.com:45454  ,  usedMemoryMB  :696320,  availMemoryMB  :197632]]\n   [[gcitr00007hdp002.trng.ctcfar.o9solutions.com:45454  ,  usedMemoryMB  :483328,  availMemoryMB  :410624]]"
         ],
         "context":[
            ""
         ]
      },       

      {
         "tag":"Current",
         "patterns":[
            "Running Applications",
            "current Applications", 
            "applications currently running"
         ],
         "responses":[
            "Total number of applications :3 with ID's:\n [application_1659588073000_0056]\n [application_1659588073000_0005]\n [application_1659588073000_0004] Respective Application-Name:[HIVE-3bee7669-17ee-44d8-8cb9-d7bbd94dc0d0, HIVE-374e20e1-41e2-4379-aa6a-3a44b8400521,UNDEFINED]"
         ],
         "context":[
            ""
         ]
      },
       
      {
          "tag":"Styles",
          "patterns":[
             "How to Add New Styles?",
             "Add New Styles",
             "Add Styles"
         ],
         "responses":[
            "[Open AOT Workspace]\n ->  [Navigate to the Assortment Input Page]\n -> [Add a new style by mentioning the correct details]\n -> [Be sure to mention the mandatory details in the cells marked in red]\n -> [Select the styles which you are planning to use]\n -> [Click on the Action Button named AOTBuySetupSelectStyles]\n -> [Wait for successful notification in the bell icon]\n"
         ],
         "context":[
            ""
         ]
      },        
      {
          "tag":"Demand",
          "patterns":[
             "How to generate the demand at store?",
             "generate the demand at store",
             "generate demand"
         ],
         "responses":[
            "[Go to Assortment Selector Page]\n ->[Filter using subclass and BuyID]\n ->[Select the rows]\n ->[Click on Demand Model Action button]\n ->[Wait for Plugin Successful Notification]\n ->  [Check AOTDemandPredictionPlan Measure Group]\n "
         ],

         "context":[
            ""
         ]
      },

      {"tag": "creator",
          "patterns": ["Who is your creator?", "who created you", "who is your father","who is your daddy" ],
          "responses": ["Swajit Gade, Rajesh Kunchanapalli, Indraneel Brahma, Suryadeepti Singhal, Sibashish Padhy"],
       "context_set": ""
      },
      {"tag": "invalid",
         "patterns": ["Marry me","I love You","date me","chat with me","I am bored"],
         "responses": ["Please ask organisation related query."],
         "context": [""]
        },      
       
      {
         "tag":"thanks",
         "patterns":[
            "Thanks",
            "Thank you",
            "That's helpful",
            "Awesome, thanks",
            "Thanks for helping me"
         ],
         "responses":[
            "Happy to help!",
            "Any time!",
            "My pleasure"
         ],
         "context":[
            ""
         ]
      },
      {
         "tag":"noanswer",
         "patterns":[
             "Don't Know",
             "I don't understand",
             "What is the time? ",
             "Silly questions",
             "Dance/ Sing for me"
            
         ],
         "responses":[
            "Sorry, can't understand you",
            "Please give me more info",
            "Not sure I understand"
         ],
         "context":[
            ""
         ]
      },
      {
         "tag":"options",
         "patterns":[
            "How you could help me?",
            "What you can do?",
            "What help you provide?",
            "How you can be helpful?",
            "What support is offered"
         ],
         "responses":[
            "Hi, I am SIRSS. I am a personal assistant to help you",
            "I am O9 tenant assistant to help you. Please ask your query"
         ],
         "context":[
            ""
         ]
      },
      {
         "tag":"python_is_best",
         "patterns":[
            "Which is the best programming language?",
            "Can you tell me the best language ever?",
            "What language can I start for programming",
            "Is Python language an awesome language?",
            "I am a beginner and I need to learn a new language"
         ],
         "responses":[
            "Without a doubt, Python is the most BEAUTIFUL language ever! You can start learning it anytime",
            "I am a fan of Python. It's my favorite ever. If you don't believe me, try it yourself"
         ],
         "context":[
            ""
         ]
      },
      {
         "tag":"joke",
         "patterns":[
            "tell me a joke",
            "can you tell me a joke",
            "make some fun",
            "make me laugh and do some funny joke",
            "tell me a joke"
         ],
         "responses":[
            "How do functions break up? \n They stop calling each other.",
             "Why does python live on land?     Because it is above C level!",
             "Why was the programer killed by a snake? He underestimated the speed of the python.",
             "I went to see the doctor about my short-term memory problems – the first thing he did was make me pay in advance"
         ],
         "context":[
            ""
         ]
      }
   ]
}