{"nodes":{"node":[{"rack":"/default-rack","state":"RUNNING","id":"gcitr00007hdp006.trng.ctcfar.o9solutions.com:45454","nodeHostName":"gcitr00007hdp006.trng.ctcfar.o9solutions.com","nodeHTTPAddress":"gcitr00007hdp006.trng.ctcfar.o9solutions.com:8042","lastHealthUpdate":1659686869894,"version":"3.1.1.3.1.4.0-315","healthReport":"","numContainers":2,"usedMemoryMB":697344,"availMemoryMB":196608,"usedVirtualCores":2,"availableVirtualCores":30,"numRunningOpportContainers":0,"usedMemoryOpportGB":0,"usedVirtualCoresOpport":0,"numQueuedContainers":0,"allocationTags":{"allocationTagInfo":[{"allocationTag":"llap","allocationsCount":1}]},"resourceUtilization":{"nodePhysicalMemoryMB":736178,"nodeVirtualMemoryMB":736178,"nodeCPUUsage":6.6566667556762695,"aggregatedContainersPhysicalMemoryMB":643184,"aggregatedContainersVirtualMemoryMB":648277,"containersCPUUsage":0.019999999552965164},"usedResource":{"memory":697344,"vCores":2,"resourceInformations":{"resourceInformation":[{"maximumAllocation":9223372036854775807,"minimumAllocation":0,"name":"memory-mb","resourceType":"COUNTABLE","units":"Mi","value":697344},{"maximumAllocation":9223372036854775807,"minimumAllocation":0,"name":"vcores","resourceType":"COUNTABLE","units":"","value":2}]}},"availableResource":{"memory":196608,"vCores":30,"resourceInformations":{"resourceInformation":[{"maximumAllocation":9223372036854775807,"minimumAllocation":0,"name":"memory-mb","resourceType":"COUNTABLE","units":"Mi","value":196608},{"maximumAllocation":9223372036854775807,"minimumAllocation":0,"name":"vcores","resourceType":"COUNTABLE","units":"","value":30}]}}},{"rack":"/default-rack","state":"RUNNING","id":"gcitr00007hdp005.trng.ctcfar.o9solutions.com:45454","nodeHostName":"gcitr00007hdp005.trng.ctcfar.o9solutions.com","nodeHTTPAddress":"gcitr00007hdp005.trng.ctcfar.o9solutions.com:8042","lastHealthUpdate":1659686870131,"version":"3.1.1.3.1.4.0-315","healthReport":"","numContainers":3,"usedMemoryMB":475136,"availMemoryMB":418816,"usedVirtualCores":3,"availableVirtualCores":29,"numRunningOpportContainers":0,"usedMemoryOpportGB":0,"usedVirtualCoresOpport":0,"numQueuedContainers":0,"allocationTags":{},"resourceUtilization":{"nodePhysicalMemoryMB":267592,"nodeVirtualMemoryMB":267592,"nodeCPUUsage":40.0,"aggregatedContainersPhysicalMemoryMB":161545,"aggregatedContainersVirtualMemoryMB":248363,"containersCPUUsage":39.7760009765625},"usedResource":{"memory":475136,"vCores":3,"resourceInformations":{"resourceInformation":[{"maximumAllocation":9223372036854775807,"minimumAllocation":0,"name":"memory-mb","resourceType":"COUNTABLE","units":"Mi","value":475136},{"maximumAllocation":9223372036854775807,"minimumAllocation":0,"name":"vcores","resourceType":"COUNTABLE","units":"","value":3}]}},"availableResource":{"memory":418816,"vCores":29,"resourceInformations":{"resourceInformation":[{"maximumAllocation":9223372036854775807,"minimumAllocation":0,"name":"memory-mb","resourceType":"COUNTABLE","units":"Mi","value":418816},{"maximumAllocation":9223372036854775807,"minimumAllocation":0,"name":"vcores","resourceType":"COUNTABLE","units":"","value":29}]}}},{"rack":"/default-rack","state":"RUNNING","id":"gcitr00007hdp007.trng.ctcfar.o9solutions.com:45454","nodeHostName":"gcitr00007hdp007.trng.ctcfar.o9solutions.com","nodeHTTPAddress":"gcitr00007hdp007.trng.ctcfar.o9solutions.com:8042","lastHealthUpdate":1659686870370,"version":"3.1.1.3.1.4.0-315","healthReport":"","numContainers":3,"usedMemoryMB":706560,"availMemoryMB":187392,"usedVirtualCores":3,"availableVirtualCores":29,"numRunningOpportContainers":0,"usedMemoryOpportGB":0,"usedVirtualCoresOpport":0,"numQueuedContainers":0,"allocationTags":{},"resourceUtilization":{"nodePhysicalMemoryMB":360815,"nodeVirtualMemoryMB":360815,"nodeCPUUsage":40.0099983215332,"aggregatedContainersPhysicalMemoryMB":241089,"aggregatedContainersVirtualMemoryMB":361700,"containersCPUUsage":40.29600143432617},"usedResource":{"memory":706560,"vCores":3,"resourceInformations":{"resourceInformation":[{"maximumAllocation":9223372036854775807,"minimumAllocation":0,"name":"memory-mb","resourceType":"COUNTABLE","units":"Mi","value":706560},{"maximumAllocation":9223372036854775807,"minimumAllocation":0,"name":"vcores","resourceType":"COUNTABLE","units":"","value":3}]}},"availableResource":{"memory":187392,"vCores":29,"resourceInformations":{"resourceInformation":[{"maximumAllocation":9223372036854775807,"minimumAllocation":0,"name":"memory-mb","resourceType":"COUNTABLE","units":"Mi","value":187392},{"maximumAllocation":9223372036854775807,"minimumAllocation":0,"name":"vcores","resourceType":"COUNTABLE","units":"","value":29}]}}},{"rack":"/default-rack","state":"RUNNING","id":"gcitr00007hdp008.trng.ctcfar.o9solutions.com:45454","nodeHostName":"gcitr00007hdp008.trng.ctcfar.o9solutions.com","nodeHTTPAddress":"gcitr00007hdp008.trng.ctcfar.o9solutions.com:8042","lastHealthUpdate":1659686870104,"version":"3.1.1.3.1.4.0-315","healthReport":"","numContainers":3,"usedMemoryMB":706560,"availMemoryMB":187392,"usedVirtualCores":3,"availableVirtualCores":29,"numRunningOpportContainers":0,"usedMemoryOpportGB":0,"usedVirtualCoresOpport":0,"numQueuedContainers":0,"allocationTags":{},"resourceUtilization":{"nodePhysicalMemoryMB":265494,"nodeVirtualMemoryMB":265494,"nodeCPUUsage":40.0,"aggregatedContainersPhysicalMemoryMB":159077,"aggregatedContainersVirtualMemoryMB":286106,"containersCPUUsage":40.58599853515625},"usedResource":{"memory":706560,"vCores":3,"resourceInformations":{"resourceInformation":[{"maximumAllocation":9223372036854775807,"minimumAllocation":0,"name":"memory-mb","resourceType":"COUNTABLE","units":"Mi","value":706560},{"maximumAllocation":9223372036854775807,"minimumAllocation":0,"name":"vcores","resourceType":"COUNTABLE","units":"","value":3}]}},"availableResource":{"memory":187392,"vCores":29,"resourceInformations":{"resourceInformation":[{"maximumAllocation":9223372036854775807,"minimumAllocation":0,"name":"memory-mb","resourceType":"COUNTABLE","units":"Mi","value":187392},{"maximumAllocation":9223372036854775807,"minimumAllocation":0,"name":"vcores","resourceType":"COUNTABLE","units":"","value":29}]}}},{"rack":"/default-rack","state":"RUNNING","id":"gcitr00007hdp003.trng.ctcfar.o9solutions.com:45454","nodeHostName":"gcitr00007hdp003.trng.ctcfar.o9solutions.com","nodeHTTPAddress":"gcitr00007hdp003.trng.ctcfar.o9solutions.com:8042","lastHealthUpdate":1659686870014,"version":"3.1.1.3.1.4.0-315","healthReport":"","numContainers":4,"usedMemoryMB":717824,"availMemoryMB":176128,"usedVirtualCores":4,"availableVirtualCores":28,"numRunningOpportContainers":0,"usedMemoryOpportGB":0,"usedVirtualCoresOpport":0,"numQueuedContainers":0,"allocationTags":{},"resourceUtilization":{"nodePhysicalMemoryMB":324450,"nodeVirtualMemoryMB":324450,"nodeCPUUsage":39.996681213378906,"aggregatedContainersPhysicalMemoryMB":193521,"aggregatedContainersVirtualMemoryMB":316606,"containersCPUUsage":16.852998733520508},"usedResource":{"memory":717824,"vCores":4,"resourceInformations":{"resourceInformation":[{"maximumAllocation":9223372036854775807,"minimumAllocation":0,"name":"memory-mb","resourceType":"COUNTABLE","units":"Mi","value":717824},{"maximumAllocation":9223372036854775807,"minimumAllocation":0,"name":"vcores","resourceType":"COUNTABLE","units":"","value":4}]}},"availableResource":{"memory":176128,"vCores":28,"resourceInformations":{"resourceInformation":[{"maximumAllocation":9223372036854775807,"minimumAllocation":0,"name":"memory-mb","resourceType":"COUNTABLE","units":"Mi","value":176128},{"maximumAllocation":9223372036854775807,"minimumAllocation":0,"name":"vcores","resourceType":"COUNTABLE","units":"","value":28}]}}},{"rack":"/default-rack","state":"RUNNING","id":"gcitr00007hdp001.trng.ctcfar.o9solutions.com:45454","nodeHostName":"gcitr00007hdp001.trng.ctcfar.o9solutions.com","nodeHTTPAddress":"gcitr00007hdp001.trng.ctcfar.o9solutions.com:8042","lastHealthUpdate":1659686878272,"version":"3.1.1.3.1.4.0-315","healthReport":"","numContainers":3,"usedMemoryMB":706560,"availMemoryMB":187392,"usedVirtualCores":3,"availableVirtualCores":29,"numRunningOpportContainers":0,"usedMemoryOpportGB":0,"usedVirtualCoresOpport":0,"numQueuedContainers":0,"allocationTags":{},"resourceUtilization":{"nodePhysicalMemoryMB":290074,"nodeVirtualMemoryMB":290074,"nodeCPUUsage":39.98390197753906,"aggregatedContainersPhysicalMemoryMB":122659,"aggregatedContainersVirtualMemoryMB":235978,"containersCPUUsage":38.974998474121094},"usedResource":{"memory":706560,"vCores":3,"resourceInformations":{"resourceInformation":[{"maximumAllocation":9223372036854775807,"minimumAllocation":0,"name":"memory-mb","resourceType":"COUNTABLE","units":"Mi","value":706560},{"maximumAllocation":9223372036854775807,"minimumAllocation":0,"name":"vcores","resourceType":"COUNTABLE","units":"","value":3}]}},"availableResource":{"memory":187392,"vCores":29,"resourceInformations":{"resourceInformation":[{"maximumAllocation":9223372036854775807,"minimumAllocation":0,"name":"memory-mb","resourceType":"COUNTABLE","units":"Mi","value":187392},{"maximumAllocation":9223372036854775807,"minimumAllocation":0,"name":"vcores","resourceType":"COUNTABLE","units":"","value":29}]}}},{"rack":"/default-rack","state":"RUNNING","id":"gcitr00007hdp004.trng.ctcfar.o9solutions.com:45454","nodeHostName":"gcitr00007hdp004.trng.ctcfar.o9solutions.com","nodeHTTPAddress":"gcitr00007hdp004.trng.ctcfar.o9solutions.com:8042","lastHealthUpdate":1659686870252,"version":"3.1.1.3.1.4.0-315","healthReport":"","numContainers":3,"usedMemoryMB":475136,"availMemoryMB":418816,"usedVirtualCores":3,"availableVirtualCores":29,"numRunningOpportContainers":0,"usedMemoryOpportGB":0,"usedVirtualCoresOpport":0,"numQueuedContainers":0,"allocationTags":{},"resourceUtilization":{"nodePhysicalMemoryMB":274131,"nodeVirtualMemoryMB":274131,"nodeCPUUsage":39.64463806152344,"aggregatedContainersPhysicalMemoryMB":91238,"aggregatedContainersVirtualMemoryMB":176459,"containersCPUUsage":38.486000061035156},"usedResource":{"memory":475136,"vCores":3,"resourceInformations":{"resourceInformation":[{"maximumAllocation":9223372036854775807,"minimumAllocation":0,"name":"memory-mb","resourceType":"COUNTABLE","units":"Mi","value":475136},{"maximumAllocation":9223372036854775807,"minimumAllocation":0,"name":"vcores","resourceType":"COUNTABLE","units":"","value":3}]}},"availableResource":{"memory":418816,"vCores":29,"resourceInformations":{"resourceInformation":[{"maximumAllocation":9223372036854775807,"minimumAllocation":0,"name":"memory-mb","resourceType":"COUNTABLE","units":"Mi","value":418816},{"maximumAllocation":9223372036854775807,"minimumAllocation":0,"name":"vcores","resourceType":"COUNTABLE","units":"","value":29}]}}},{"rack":"/default-rack","state":"RUNNING","id":"gcitr00007hdp009.trng.ctcfar.o9solutions.com:45454","nodeHostName":"gcitr00007hdp009.trng.ctcfar.o9solutions.com","nodeHTTPAddress":"gcitr00007hdp009.trng.ctcfar.o9solutions.com:8042","lastHealthUpdate":1659686870124,"version":"3.1.1.3.1.4.0-315","healthReport":"","numContainers":1,"usedMemoryMB":696320,"availMemoryMB":197632,"usedVirtualCores":1,"availableVirtualCores":31,"numRunningOpportContainers":0,"usedMemoryOpportGB":0,"usedVirtualCoresOpport":0,"numQueuedContainers":0,"allocationTags":{"allocationTagInfo":[{"allocationTag":"llap","allocationsCount":1}]},"resourceUtilization":{"nodePhysicalMemoryMB":708942,"nodeVirtualMemoryMB":708942,"nodeCPUUsage":0.753082275390625,"aggregatedContainersPhysicalMemoryMB":641634,"aggregatedContainersVirtualMemoryMB":644559,"containersCPUUsage":0.023000000044703484},"usedResource":{"memory":696320,"vCores":1,"resourceInformations":{"resourceInformation":[{"maximumAllocation":9223372036854775807,"minimumAllocation":0,"name":"memory-mb","resourceType":"COUNTABLE","units":"Mi","value":696320},{"maximumAllocation":9223372036854775807,"minimumAllocation":0,"name":"vcores","resourceType":"COUNTABLE","units":"","value":1}]}},"availableResource":{"memory":197632,"vCores":31,"resourceInformations":{"resourceInformation":[{"maximumAllocation":9223372036854775807,"minimumAllocation":0,"name":"memory-mb","resourceType":"COUNTABLE","units":"Mi","value":197632},{"maximumAllocation":9223372036854775807,"minimumAllocation":0,"name":"vcores","resourceType":"COUNTABLE","units":"","value":31}]}}},{"rack":"/default-rack","state":"RUNNING","id":"gcitr00007hdp002.trng.ctcfar.o9solutions.com:45454","nodeHostName":"gcitr00007hdp002.trng.ctcfar.o9solutions.com","nodeHTTPAddress":"gcitr00007hdp002.trng.ctcfar.o9solutions.com:8042","lastHealthUpdate":1659686875292,"version":"3.1.1.3.1.4.0-315","healthReport":"","numContainers":5,"usedMemoryMB":483328,"availMemoryMB":410624,"usedVirtualCores":5,"availableVirtualCores":27,"numRunningOpportContainers":0,"usedMemoryOpportGB":0,"usedVirtualCoresOpport":0,"numQueuedContainers":0,"allocationTags":{},"resourceUtilization":{"nodePhysicalMemoryMB":368806,"nodeVirtualMemoryMB":368806,"nodeCPUUsage":40.0,"aggregatedContainersPhysicalMemoryMB":227978,"aggregatedContainersVirtualMemoryMB":316410,"containersCPUUsage":39.29499816894531},"usedResource":{"memory":483328,"vCores":5,"resourceInformations":{"resourceInformation":[{"maximumAllocation":9223372036854775807,"minimumAllocation":0,"name":"memory-mb","resourceType":"COUNTABLE","units":"Mi","value":483328},{"maximumAllocation":9223372036854775807,"minimumAllocation":0,"name":"vcores","resourceType":"COUNTABLE","units":"","value":5}]}},"availableResource":{"memory":410624,"vCores":27,"resourceInformations":{"resourceInformation":[{"maximumAllocation":9223372036854775807,"minimumAllocation":0,"name":"memory-mb","resourceType":"COUNTABLE","units":"Mi","value":410624},{"maximumAllocation":9223372036854775807,"minimumAllocation":0,"name":"vcores","resourceType":"COUNTABLE","units":"","value":27}]}}}]}}(